SUMLEV,REGION,DIVISION,STATE,NAME,CENSUS2010POP,ESTIMATESBASE2010,POPESTIMATE2010,POPESTIMATE2011,POPESTIMATE2012,POPESTIMATE2013,NPOPCHG_2010,NPOPCHG_2011,NPOPCHG_2012,NPOPCHG_2013,BIRTHS2010,BIRTHS2011,BIRTHS2012,BIRTHS2013,DEATHS2010,DEATHS2011,DEATHS2012,DEATHS2013,NATURALINC2010,NATURALINC2011,NATURALINC2012,NATURALINC2013,INTERNATIONALMIG2010,INTERNATIONALMIG2011,INTERNATIONALMIG2012,INTERNATIONALMIG2013,DOMESTICMIG2010,DOMESTICMIG2011,DOMESTICMIG2012,DOMESTICMIG2013,NETMIG2010,NETMIG2011,NETMIG2012,NETMIG2013,RESIDUAL2010,RESIDUAL2011,RESIDUAL2012,RESIDUAL2013,RBIRTH2011,RBIRTH2012,RBIRTH2013,RDEATH2011,RDEATH2012,RDEATH2013,RNATURALINC2011,RNATURALINC2012,RNATURALINC2013,RINTERNATIONALMIG2011,RINTERNATIONALMIG2012,RINTERNATIONALMIG2013,RDOMESTICMIG2011,RDOMESTICMIG2012,RDOMESTICMIG2013,RNETMIG2011,RNETMIG2012,RNETMIG2013
10,0,0,0,United States,308745538,308747716,309326295,311582564,313873685,316128839,578579,2256269,2291121,2255154,987836,3973485,3953272,3952937,598716,2492125,2528253,2540928,389120,1481360,1425019,1412009,189459,774909,866102,843145,0,0,0,0,189459,774909,866102,843145,0,0,0,0,12.79893157,12.64124231,12.54895607,8.027345604,8.084507922,8.066405778,4.77158597,4.556734391,4.482550295,2.496047492,2.769504666,2.67664007,0,0,0,2.496047492,2.769504666,2.67664007
20,1,0,0,Northeast Region,55317240,55317261,55376322,55598499,55771792,55943073,59061,222177,173293,171281,158644,646247,640774,640702,110689,464778,471640,471058,47955,181469,169134,169644,48351,211854,224127,227173,-34979,-163149,-217750,-208633,13372,48705,6377,18540,-2266,-7997,-2218,-16903,11.64673201,11.50709034,11.47030881,8.376278435,8.469763269,8.433219697,3.270453574,3.037327073,3.037089111,3.818055269,4.024897448,4.067014716,-2.94028859,-3.910378577,-3.735098279,0.877766678,0.114518871,0.331916437
20,2,0,0,Midwest Region,66927001,66927549,66976321,67146663,67321425,67547890,48772,170342,174762,226465,208628,834897,832007,827949,140782,580757,579538,576261,67846,254140,252469,251688,25309,103138,111947,110489,-43801,-185260,-188786,-127900,-18492,-82122,-76839,-17411,-582,-1676,-868,-7812,12.44972301,12.37478739,12.27779647,8.660066794,8.619710574,8.545472334,3.789656216,3.755076818,3.732324139,1.537961607,1.665034458,1.638460164,-2.762539193,-2.807892978,-1.896650843,-1.224577586,-1.14285852,-0.258190679
20,3,0,0,South Region,114555744,114557273,114857899,116032322,117253992,118383453,300626,1174423,1221670,1129461,377273,1509617,1511382,1510183,228954,957769,972281,983638,148319,551848,539101,526545,71117,281346,327943,309637,79640,325732,349840,280755,150757,607078,677783,590392,1550,15497,4786,12524,13.07649145,12.9573139,12.81785244,8.296314983,8.335516845,8.348741008,4.780176463,4.621797059,4.469111435,2.437054274,2.811506551,2.62807976,2.821531363,2.999232951,2.382940453,5.258585638,5.810739502,5.011020214
20,4,0,0,West Region,71945553,71945633,72115753,72805080,73526476,74254423,170120,689327,721396,727947,243291,982724,969109,974103,118291,488821,504794,509971,125000,493903,464315,464132,44682,178571,202085,195846,-860,22677,56696,55778,43822,201248,258781,251624,1298,-5824,-1700,12191,13.56221848,13.24538639,13.18307043,6.74604182,6.899318422,6.901717386,6.816176664,6.346067966,6.281353046,2.464393784,2.762015324,2.650491387,0.312957075,0.774897794,0.754874282,2.777350859,3.536913118,3.405365669
40,3,6,1,Alabama,4779736,4779758,4785570,4801627,4817528,4833722,5812,16057,15901,16194,14966,59700,59356,58858,11090,48424,48596,48922,3876,11276,10760,9936,1426,4931,5732,5256,542,-154,-759,451,1968,4777,4973,5707,-32,4,168,551,12.45410937,12.34120877,12.1969693,10.10180556,10.10400602,10.1379614,2.352303807,2.237202748,2.059007901,1.02866354,1.191788676,1.089185339,-0.032126178,-0.157810119,0.093459397,0.996537361,1.033978556,1.182644735
40,4,9,2,Alaska,710231,710231,713868,723375,730307,735132,3637,9507,6932,4825,2753,11720,11349,11610,807,3769,3998,4113,1946,7951,7351,7497,529,1164,2442,1828,1135,165,-2870,-4006,1664,1329,-428,-2178,27,227,9,-494,16.30900272,15.61414395,15.84508124,5.24476376,5.500515243,5.61333498,11.06423896,10.1136287,10.23174626,1.619767847,3.359744428,2.494815547,0.229606267,-3.948593984,-5.467303654,1.849374114,-0.588849556,-2.972488108
40,4,8,4,Arizona,6392017,6392015,6408790,6468796,6551149,6626624,16775,60006,82353,75475,22278,86101,86127,85994,11486,47605,49898,50274,10792,38496,36229,35720,2403,10291,11244,10864,3311,10247,34729,26417,5714,20538,45973,37281,269,972,151,2474,13.37222675,13.2300098,13.05137067,7.393466446,7.664855727,7.63012081,5.978760305,5.565154077,5.421249858,1.59828092,1.727196236,1.648837023,1.591447341,5.334738357,4.009326917,3.189728261,7.061934593,5.65816394
40,3,7,5,Arkansas,2915918,2915916,2922280,2938506,2949828,2959373,6364,16226,11322,9545,9390,38452,38847,38464,7013,29216,28869,28793,2377,9236,9978,9671,763,2760,3129,2965,3125,3920,-1928,-2031,3888,6680,1201,934,99,310,143,-1060,13.12178947,13.19456403,13.01834207,9.969993786,9.805489974,9.745141517,3.151795681,3.389074057,3.273200556,0.941853192,1.062779387,1.003519765,1.337704533,-0.654854157,-0.687402578,2.279557725,0.40792523,0.316117187
40,4,9,6,California,37253956,37253959,37333601,37668681,37999878,38332521,79642,335080,331197,332643,125963,509751,500548,503634,57346,237652,246860,250567,68617,272099,253688,253067,27774,114286,123889,123217,-17495,-42964,-44133,-49259,10279,71322,79756,73958,746,-8341,-2247,5618,13.59294641,13.23001275,13.19581217,6.337193847,6.524770744,6.565154594,7.255752565,6.705242002,6.63065758,3.04753394,3.274517227,3.22843253,-1.145671808,-1.166481841,-1.290644619,1.901862133,2.108035386,1.937787911
40,4,8,8,Colorado,5029196,5029196,5048196,5118400,5189458,5268367,19000,70204,71058,78909,16315,65927,65237,65831,7835,32026,32824,33159,8480,33901,32413,32672,2050,7301,9609,8573,7963,27147,28558,36284,10013,34448,38167,44857,507,1855,478,1380,12.96933605,12.65772191,12.58980715,6.300240513,6.368733446,6.341471578,6.669095536,6.288988459,6.248335577,1.436272278,1.864402866,1.639537858,5.340430563,5.541015408,6.939110188,6.776702841,7.405418274,8.578648046
40,1,1,9,Connecticut,3574097,3574097,3579210,3588948,3591765,3596080,5113,9738,2817,4315,9208,37635,37091,37172,6838,29129,29368,29249,2370,8506,7723,7923,3217,14626,15641,15702,-295,-12457,-20524,-17224,2922,2169,-4883,-1522,-179,-937,-23,-2086,10.5006056,10.330729,10.34301658,8.127332015,8.17968912,8.138461528,2.37327358,2.151039876,2.204555051,4.080825227,4.356391907,4.36904246,-3.475648835,-5.716423982,-4.792535176,0.605176393,-1.360032075,-0.423492716
40,3,5,10,Delaware,897934,897936,899711,907985,917053,925749,1775,8274,9068,8696,2794,11305,11266,11286,1840,7776,7978,8025,954,3529,3288,3261,513,2261,2521,2422,267,2607,3318,3010,780,4868,5839,5432,41,-123,-59,3,12.50763403,12.3460443,12.24873861,8.60321647,8.742831656,8.709562937,3.904417557,3.603212645,3.539175668,2.501526805,2.762682202,2.628605786,2.884334534,3.636088673,3.266764416,5.38586134,6.398770875,5.895370203
40,3,5,11,District of Columbia,601723,601767,605125,619624,633427,646449,3358,14499,13803,13022,2312,9197,9411,9589,1175,4660,4928,5151,1137,4537,4483,4438,632,2597,2897,2858,1443,6976,6235,6319,2075,9573,9132,9177,146,389,188,-593,15.01858748,15.0209369,14.9842641,7.609722482,7.86560164,8.049217268,7.408865,7.155335258,6.935046833,4.240868945,4.623913951,4.466057649,11.3917219,9.951709867,9.874394082,15.63259084,14.57562382,14.34045173
40,3,5,12,Florida,18801310,18802690,18846054,19083482,19320749,19552860,43364,237428,237267,232111,53474,213201,215290,215542,41767,174078,178466,182121,11707,39123,36824,33421,20289,91627,99452,99454,11363,105305,100000,91484,31652,196932,199452,190938,5,1373,991,7752,11.24195139,11.21178549,11.08937429,9.179020803,9.294080124,9.3699044,2.062930588,1.91770537,1.719469885,4.831432686,5.179221008,5.116787587,5.552664815,5.207759531,4.706740761,10.3840975,10.38698054,9.823528348
40,3,5,13,Georgia,9687653,9687663,9713248,9810181,9915646,9992167,25585,96933,105465,76521,33636,132623,132997,132184,17253,71250,72108,73288,16383,61373,60889,58896,5311,20093,24522,22343,3405,11549,19442,-6347,8716,31642,43964,15996,486,3918,612,1629,13.58603553,13.48455505,13.27961037,7.298922746,7.311024273,7.362737434,6.287112781,6.173530773,5.916872938,2.058347435,2.486283592,2.244646361,1.183091351,1.971222804,-0.637639102,3.241438786,4.457506395,1.607007259
40,4,9,15,Hawaii,1360301,1360301,1363731,1376897,1390090,1404054,3430,13166,13193,13964,4621,19155,18825,19016,2536,10044,11060,11433,2085,9111,7765,7583,1790,5724,8648,7459,-429,-1115,-3103,-1457,1361,4609,5545,6002,-16,-554,-117,379,13.97854798,13.60685829,13.61132426,7.329706914,7.994255123,8.183543869,6.648841069,5.612603167,5.427780386,4.1771448,6.250842523,5.339023329,-0.81368212,-2.242872843,-1.042895427,3.363462681,4.00796968,4.296127902
40,4,8,16,Idaho,1567582,1567652,1570718,1583930,1595590,1612136,3066,13212,11660,16546,5677,22951,22051,22187,2572,11668,11503,11250,3105,11283,10548,10937,423,1405,1671,1563,-406,17,-621,4579,17,1422,1050,6142,-56,507,62,-533,14.55059328,13.87064714,13.8334758,7.397338784,7.235683374,7.014314814,7.153254499,6.634963768,6.819160988,0.890749142,1.051102053,0.974522138,0.010777748,-0.390625,2.854982003,0.90152689,0.660477053,3.829504141
40,2,3,17,Illinois,12830632,12830632,12839695,12855970,12868192,12882135,9063,16275,12222,13943,40839,162422,160357,158964,24046,100735,102233,102190,16793,61687,58124,56774,6089,25835,27711,27751,-13576,-70342,-73473,-67313,-7487,-44507,-45762,-39562,-243,-905,-140,-3269,12.64197677,12.46742265,12.34656166,7.840622144,7.948402751,7.936986587,4.801354625,4.5190199,4.409575071,2.01084502,2.154472515,2.155390104,-5.475009111,-5.712372671,-5.228127783,-3.464164091,-3.557900156,-3.072737678
40,2,3,18,Indiana,6483802,6483797,6489965,6516336,6537782,6570902,6168,26371,21446,33120,20817,83469,83515,83179,13874,57277,57527,57187,6943,26192,25988,25992,2257,9062,9287,9404,-3051,-8468,-13670,-1179,-794,594,-4383,8225,19,-415,-159,-1097,12.83516351,12.79519612,12.69067131,8.807577189,8.813617282,8.725055849,4.027586321,3.98157884,3.965615465,1.393478438,1.422846032,1.434774078,-1.302138094,-2.094358271,-0.179880757,0.091340343,-0.671512239,1.254893321
40,2,4,19,Iowa,3046355,3046857,3050314,3064102,3075039,3090416,3457,13788,10937,15377,9637,37857,38439,38091,6865,27903,27469,27349,2772,9954,10970,10742,1013,4020,4106,4143,-209,-35,-4128,671,804,3985,-22,4814,-119,-151,-11,-179,12.38286698,12.52259885,12.35626568,9.126955052,8.948808962,8.871689113,3.25591193,3.573789884,3.484576564,1.314925252,1.337646423,1.343939742,-0.011448354,-1.34481355,0.21766439,1.303476898,-0.007167126,1.561604131
40,2,4,20,Kansas,2853118,2853116,2858910,2869548,2885398,2893957,5794,10638,15850,8559,10163,40109,39557,39624,5988,24838,23952,23701,4175,15271,15605,15923,1280,4373,5994,5105,473,-9110,-5755,-12557,1753,-4737,239,-7452,-134,104,6,88,14.00341942,13.7471316,13.71225682,8.671792654,8.323970373,8.201953332,5.331626766,5.423161225,5.510303485,1.526763398,2.083077756,1.766633128,-3.180611606,-2.000018766,-4.345467617,-1.653848208,0.08305899,-2.578834489
40,3,6,21,Kentucky,4339367,4339357,4347698,4366869,4379730,4395295,8341,19171,12861,15565,13948,55319,55033,54554,10516,42186,41988,41881,3432,13133,13045,12673,1425,4954,6394,5569,3523,1337,-6545,-2290,4948,6291,-151,3279,-39,-253,-33,-387,12.69575413,12.5838626,12.43392469,9.681720274,9.60098891,9.54549987,3.014033859,2.982873686,2.888424819,1.136946907,1.462053994,1.269284133,0.306842555,-1.4965817,-0.521935835,1.443789462,-0.034527706,0.747348298
40,3,7,22,Louisiana,4533372,4533372,4545392,4575197,4602134,4625470,12020,29805,26937,23336,15260,62293,61876,61703,9184,40722,41194,42002,6076,21571,20682,19701,1696,6008,7373,6695,4093,2174,-1284,-2492,5789,8182,6089,4203,155,52,166,-568,13.65986342,13.48453052,13.37356913,8.929686449,8.977337747,9.103554942,4.730176966,4.507192778,4.270014188,1.317458774,1.606785241,1.451080909,0.476723598,-0.279819917,-0.54011854,1.794182371,1.326965324,0.910962369
40,1,1,23,Maine,1328361,1328361,1327366,1327844,1328501,1328302,-995,478,657,-199,3137,12625,12751,12566,3111,12882,12945,12866,26,-257,-194,-300,236,962,1111,1042,-1270,39,-142,-1423,-1034,1001,969,-381,13,-266,-118,482,9.509605643,9.600409585,9.459489469,9.703187319,9.74647495,9.685324806,-0.193581675,-0.146065364,-0.225835337,0.724613119,0.83648773,0.784401403,0.029376208,-0.106913823,-1.07121228,0.753989327,0.729573907,-0.286810878
40,3,5,24,Maryland,5773552,5773623,5787193,5840241,5884868,5928814,13570,53048,44627,43946,18132,73548,72970,73240,10612,43473,45393,46205,7520,30075,27577,27035,5488,22680,25386,24944,713,1073,-7877,-8525,6201,23753,17509,16419,-151,-780,-459,492,12.65077058,12.44679261,12.39918258,7.477660161,7.74287045,7.822286058,5.173110421,4.703922155,4.576896517,3.901118682,4.330194287,4.222900193,0.184563507,-1.343612243,-1.443241828,4.085682189,2.986582044,2.779658366
40,1,1,25,Massachusetts,6547629,6547629,6563263,6606285,6645303,6692824,15634,43022,39018,47521,17730,73185,72917,73491,12314,53199,54122,54111,5416,19986,18795,19380,6630,29235,30917,31349,3561,-3771,-10216,-2833,10191,25464,20701,28516,27,-2428,-478,-375,11.11427666,11.00502068,11.01968815,8.079092768,8.168379518,8.11373291,3.035183896,2.836641163,2.905955236,4.439787911,4.666157747,4.700659995,-0.572684803,-1.541852946,-0.424797275,3.867103108,3.1243048,4.275862721
40,2,3,26,Michigan,9883640,9883701,9876149,9874589,9882519,9895622,-7552,-1560,7930,13103,28383,113983,113392,113202,22152,88776,89158,88718,6231,25207,24234,24484,3867,16520,17270,17488,-18189,-43473,-33435,-28539,-14322,-26953,-16165,-11051,539,186,-139,-330,11.54215098,11.47860304,11.44718303,8.989638767,9.025409994,8.971318386,2.552512215,2.453193048,2.475864643,1.672848883,1.748231573,1.768416961,-4.402164618,-3.38460467,-2.885913292,-2.729315735,-1.636373097,-1.117496331
40,2,4,27,Minnesota,5303925,5303925,5310337,5347108,5379646,5420380,6412,36771,32538,40734,17087,68385,68288,68205,9344,39454,39183,38916,7743,28931,29105,29289,2721,11565,12031,12208,-3983,-3518,-8408,-1147,-1262,8047,3623,11061,-69,-207,-190,384,12.83328227,12.7322767,12.63052515,7.404026012,7.305658357,7.206649317,5.429256262,5.426618341,5.423875831,2.170313804,2.243176268,2.260735298,-0.66019576,-1.567669026,-0.212406896,1.510118044,0.675507241,2.048328402
40,3,6,28,Mississippi,2967297,2967299,2970047,2977886,2986450,2991207,2748,7839,8564,4757,9997,39729,39962,39348,6641,29095,28642,28976,3356,10634,11320,10372,626,1797,2793,2232,-1086,-5640,-5699,-7038,-460,-3843,-2906,-4806,-148,1048,150,-809,13.35892654,13.40031816,13.16502436,9.783230578,9.604422018,9.694768368,3.57569596,3.79589614,3.470255988,0.604243525,0.936566954,0.746780888,-1.896457139,-1.911025804,-2.354768766,-1.292213614,-0.97445885,-1.607987879
40,2,4,29,Missouri,5988927,5988923,5996063,6010065,6024522,6044171,7140,14002,14457,19649,19164,76237,75868,75382,13198,55535,55134,55033,5966,20702,20734,20349,1816,6718,7964,7462,-357,-13640,-14052,-7612,1459,-6922,-6088,-150,-285,222,-189,-550,12.69968136,12.60832632,12.49215636,9.2511091,9.162591122,9.119960214,3.448572262,3.445735196,3.372196144,1.119095182,1.323518622,1.236587922,-2.27217301,-2.33526917,-1.261445626,-1.153077828,-1.011750549,-0.024857704
40,4,8,30,Montana,989415,989417,990527,997600,1005494,1015165,1110,7073,7894,9671,3020,11987,12107,12103,2404,8958,8780,8815,616,3029,3327,3288,163,609,877,725,392,3303,3664,5467,555,3912,4541,6192,-61,132,26,191,12.0585858,12.0882994,11.97926023,9.011496751,8.76643832,8.724876389,3.047089044,3.321861081,3.254383842,0.612636919,0.875645377,0.717587678,3.322725359,3.658340547,5.411105981,3.935362278,4.533985924,6.128693659
40,2,4,31,Nebraska,1826341,1826341,1829838,1841749,1855350,1868516,3497,11911,13601,13166,6383,25732,25798,25703,3665,15335,14647,14385,2718,10397,11151,11318,777,2961,3405,3214,102,-1543,-899,-695,879,1418,2506,2519,-100,96,-56,-671,14.01682706,13.95580697,13.80447095,8.353336037,7.923509757,7.725841907,5.663491019,6.032297215,6.078629038,1.612926508,1.841984756,1.726163079,-0.840508478,-0.486327253,-0.373267996,0.772418031,1.355657503,1.352895083
40,4,8,32,Nevada,2700551,2700552,2703230,2717951,2754354,2790136,2678,14721,36403,35782,8785,35844,35145,35504,4945,19998,20797,21023,3840,15846,14348,14481,1519,6801,7589,7463,-2658,-7589,14377,12854,-1139,-788,21966,20317,-23,-337,89,984,13.22368687,12.8446788,12.80694888,7.377728211,7.600819033,7.583384585,5.845958657,5.243859763,5.223564295,2.509047383,2.773602714,2.692042009,-2.799758946,5.254458587,4.63667533,-0.290711563,8.028061301,7.328717339
40,1,1,33,New Hampshire,1316470,1316469,1316614,1318075,1321617,1323459,145,1461,3542,1842,3105,12993,12699,12732,2538,10481,10666,10497,567,2512,2033,2235,426,1627,1797,1781,-835,-2370,-206,-2355,-409,-743,1591,-574,-13,-308,-82,181,9.863023681,9.621577063,9.626944557,7.956157254,8.081245842,7.937012018,1.906866427,1.540331221,1.689932539,1.235060381,1.361522481,1.346653178,-1.799073819,-0.156078815,-1.780667172,-0.564013438,1.205443665,-0.434013994
40,1,2,34,New Jersey,8791894,8791909,8802707,8836639,8867749,8899339,10798,33932,31110,31590,26301,106690,105581,104769,17079,69934,70888,70752,9222,36756,34693,34017,10210,43345,45446,46373,-8527,-45676,-48912,-45035,1683,-2331,-3466,1338,-107,-493,-117,-3765,12.09682037,11.92709966,11.79360399,7.929318922,8.007958253,7.964388987,4.167501448,3.919141402,3.829215007,4.9145813,5.133868508,5.220101347,-5.178876813,-5.525409859,-5.069485782,-0.264295513,-0.391541351,0.150615565
40,4,8,35,New Mexico,2059179,2059183,2064982,2077919,2083540,2085287,5799,12937,5621,1747,6935,27810,27102,27146,3782,16147,16471,16472,3153,11663,10631,10674,487,1465,2168,1717,2055,6,-7122,-10526,2542,1471,-4954,-8809,104,-197,-56,-118,13.42537512,13.02523947,13.02332767,7.795020929,7.915973701,7.902462731,5.630354189,5.109265765,5.120864934,0.707233892,1.041942261,0.823732911,0.002896521,-3.422838,-5.049861748,0.710130413,-2.380895739,-4.226128837
40,1,2,36,New York,19378102,19378105,19398228,19502728,19576125,19651127,20123,104500,73397,75002,59627,243115,239948,240299,35055,147866,151438,152088,24572,95249,88510,88211,21347,94792,100215,101778,-24595,-84602,-114871,-104470,-3248,10190,-14656,-2692,-1201,-939,-457,-10517,12.49917868,12.28019666,12.25163567,7.602178209,7.750381005,7.754201085,4.897000475,4.529815653,4.49743459,4.873504908,5.12886087,5.189147586,-4.349610328,-5.878934062,-5.326399106,0.52389458,-0.750073192,-0.137251521
40,3,5,37,North Carolina,9535483,9535471,9559533,9651377,9748364,9848060,24062,91844,96987,99696,30760,121051,120450,119932,18662,79257,80953,81568,12098,41794,39497,38364,5286,17281,24190,20545,6693,30558,32791,37240,11979,47839,56981,57785,-15,2211,509,3547,12.60231816,12.41769156,12.24019239,8.2512489,8.345781524,8.324784155,4.351069262,4.071910032,3.91540824,1.799081876,2.493847727,2.096811133,3.181317283,3.380560596,3.800693433,4.980399159,5.874408323,5.897504565
40,2,4,38,North Dakota,672591,672591,674344,684867,701345,723393,1753,10523,16478,22048,2180,9201,9778,10028,1490,5965,5707,5754,690,3236,4071,4274,272,858,1382,1090,829,6042,10789,16961,1101,6900,12171,18051,-38,387,236,-277,13.53873681,14.10751025,14.07697415,8.777150862,8.233949786,8.077274559,4.76158595,5.873560466,5.999699594,1.26249714,1.993923007,1.530105886,8.890451887,15.5661616,23.80928985,10.15294903,17.56008461,25.33939574
40,2,3,39,Ohio,11536504,11536503,11545435,11549772,11553031,11570808,8932,4337,3259,17777,34324,137940,137535,136456,26465,110006,110295,109452,7859,27934,27240,27004,3614,14674,15796,15708,-2783,-36843,-39710,-23094,831,-22169,-23914,-7386,242,-1428,-67,-1841,11.94533567,11.90634747,11.80219253,9.52630561,9.548192053,9.466594193,2.419030061,2.358155415,2.335598341,1.270739855,1.367453118,1.358597939,-3.190532131,-3.437678103,-1.9974192,-1.919792276,-2.070224985,-0.638821261
40,3,7,40,Oklahoma,3751351,3751357,3759263,3785534,3815780,3850568,7906,26271,30246,34788,13105,52559,52581,52504,8198,37428,37342,37225,4907,15131,15239,15279,1268,4336,5506,4756,1637,5992,9435,14268,2905,10328,14941,19024,94,812,66,485,13.93251535,13.83471331,13.69726498,9.921539307,9.82514339,9.711273216,4.010976041,4.009569924,3.985991766,1.149401369,1.448696896,1.240747224,1.588379383,2.482465532,3.722241672,2.737780751,3.931162428,4.962988896
40,4,9,41,Oregon,3831074,3831073,3837208,3867937,3899801,3930065,6135,30729,31864,30264,11073,45393,44999,45135,7779,32399,32681,32529,3294,12994,12318,12606,1510,6131,6253,6375,1434,11398,13320,10215,2944,17529,19573,16590,-103,206,-27,1068,11.78251675,11.58612713,11.52893293,8.409705463,8.414547453,8.308954457,3.372811284,3.17157968,3.219978477,1.591404185,1.60999251,1.628380358,2.958542636,3.429569844,2.609240056,4.549946821,5.039562354,4.237620414
40,1,2,42,Pennsylvania,12702379,12702379,12710472,12741310,12764475,12773801,8093,30838,23165,9326,35315,142945,142764,142753,30093,126298,127480,126975,5222,16647,15284,15778,5364,23483,24724,24996,-1702,-6844,-15927,-30718,3662,16639,8797,-5722,-791,-2448,-916,-730,11.23261232,11.19463683,11.17953303,9.924491731,9.996163615,9.943897544,1.308120587,1.198473209,1.235635483,1.84529319,1.938697437,1.957532294,-0.537801243,-1.248893143,-2.405643983,1.307491947,0.689804293,-0.448111689
40,1,1,44,Rhode Island,1052567,1052567,1052669,1050350,1050304,1051511,102,-2319,-46,1207,2749,11005,10949,10911,2330,9595,9531,9405,419,1410,1418,1506,818,3356,3797,3688,-1150,-7008,-5251,-3922,-332,-3652,-1454,-234,15,-77,-10,-65,10.4659064,10.4243726,10.38245516,9.124976997,9.074316856,8.949408012,1.340929397,1.350055745,1.433047152,3.191602168,3.615064642,3.509347873,-6.664704408,-4.999395426,-3.73201257,-3.47310224,-1.384330785,-0.222664697
40,3,5,45,South Carolina,4625364,4625360,4636361,4673509,4723417,4774839,11001,37148,49908,51422,14610,57479,57622,57457,9692,41798,42553,42931,4918,15681,15069,14526,1711,5375,8131,6513,4306,14860,26435,29324,6017,20235,34566,35837,66,1232,273,1059,12.34797049,12.26401059,12.09843154,8.979287573,9.056791551,9.039764774,3.368682914,3.207219042,3.05866677,1.154688519,1.730565932,1.371409657,3.192310956,5.626308008,6.174607212,4.346999475,7.356873939,7.546016869
40,2,4,46,South Dakota,814180,814180,816211,823772,834047,844877,2031,7561,10275,10830,2951,11784,11828,11992,1938,7167,6876,6736,1013,4617,4952,5256,260,918,1186,1040,828,1870,4096,4762,1088,2788,5282,5802,-70,156,41,-228,14.37088067,14.26935027,14.2853399,8.740334504,8.29523609,8.02418692,5.63054617,5.974114183,6.261152977,1.1195238,1.430795521,1.238888717,2.280511444,4.941432086,5.672680836,3.400035244,6.372227608,6.911569553
40,3,6,47,Tennessee,6346105,6346113,6356683,6398361,6454914,6495978,10570,41678,56553,41064,19786,78617,80214,79933,14321,59836,60226,60358,5465,18781,19988,19575,1991,7355,9006,8155,3198,15799,27345,12649,5189,23154,36351,20804,-84,-257,214,685,12.32720169,12.48148818,12.34401461,9.382327493,9.371308091,9.321056804,2.9448742,3.11018009,3.022957801,1.153269248,1.401354908,1.259372714,2.477294473,4.254946697,1.953378964,3.630563721,5.656301604,3.212751678
40,3,7,48,Texas,25145561,25145561,25245178,25640909,26060796,26448193,99617,395731,419887,387397,94513,381746,379846,381897,41063,167428,171027,173852,53450,214318,208819,208045,15284,61094,66537,64187,29891,117521,142650,113528,45175,178615,209187,177715,992,2798,1881,1637,15.00394401,14.6937514,14.5459666,6.580502054,6.615913344,6.621799555,8.423441952,8.077838052,7.924167041,2.401206444,2.573880301,2.444800451,4.618983574,5.518193259,4.324135816,7.020190018,8.092073559,6.768936267
40,4,8,49,Utah,2763885,2763885,2774424,2814784,2854871,2900872,10539,40360,40087,46001,12769,51923,50915,50840,3697,15009,14915,14875,9072,36914,36000,35965,1045,4131,4437,4353,459,-766,-269,5567,1504,3365,4168,9920,-37,81,-81,116,18.57973437,17.96052846,17.66583393,5.370707263,5.261343062,5.168750585,13.20902711,12.6991854,12.49708335,1.478205857,1.565174601,1.512576222,-0.274099658,-0.094891135,1.934415765,1.204106199,1.470283465,3.446991987
40,1,1,50,Vermont,625741,625745,625793,626320,625953,626630,48,527,-367,677,1472,6054,6074,6009,1331,5394,5202,5115,141,660,872,894,103,428,479,464,-166,-460,-1701,-653,-63,-32,-1222,-189,-30,-101,-17,-28,9.670053741,9.700760138,9.594573773,8.615835791,8.308092565,8.167123456,1.05421795,1.392667573,1.427450317,0.683644368,0.765008908,0.740869068,-0.734757965,-2.716660025,-1.042645477,-0.051113598,-1.951651118,-0.301776409
40,3,5,51,Virginia,8001024,8001031,8024417,8105850,8186628,8260405,23386,81433,80778,73777,25530,102348,103070,103284,14697,59715,60503,60916,10833,42633,42567,42368,7170,25263,33350,29762,5324,10904,4808,3099,12494,36167,38158,32861,59,2633,53,-1452,12.69018052,12.65246453,12.55959054,7.404093187,7.427108387,7.407536666,5.286087329,5.225356143,5.152053869,3.132372204,4.093913768,3.619133007,1.3519925,0.590211016,0.376846085,4.484364704,4.684124785,3.995979092
40,4,9,53,Washington,6724540,6724543,6742256,6821481,6895318,6971406,17713,79225,73837,76088,21243,86690,87285,87554,11817,49117,50719,51052,9426,37573,36566,36502,4875,19022,22824,21384,3498,23112,14565,17027,8373,42134,37389,38411,-86,-482,-118,1175,12.78261293,12.72673019,12.62792856,7.242399348,7.395165592,7.363238787,5.540213586,5.331564602,5.264689771,2.804831736,3.32789013,3.084218017,3.407910372,2.123673315,2.455807154,6.212742108,5.451563444,5.540025171
40,3,5,54,West Virginia,1852994,1852999,1854146,1855184,1856680,1854304,1147,1038,1496,-2376,5060,20450,20591,20408,5230,21427,21515,21424,-170,-977,-924,-1016,238,934,1024,981,1203,951,1473,-1894,1441,1885,2497,-913,-124,130,-77,-447,11.02625002,11.09469528,10.99870008,11.55302979,11.59255835,11.54626374,-0.526779769,-0.497863068,-0.547563665,0.503594989,0.551744353,0.528700744,0.512761065,0.79367132,-1.020753525,1.016356054,1.345415673,-0.492052782
40,2,3,55,Wisconsin,5686986,5686983,5689060,5708785,5724554,5742713,2077,19725,15769,18159,16700,67778,67652,67123,11757,47766,47357,46840,4943,20012,20295,20283,1343,5634,5815,5876,-3885,-6200,-10141,-8158,-2542,-566,-4326,-2282,-324,279,-200,158,11.89312541,11.83416323,11.70688709,8.381584414,8.284019218,8.169339739,3.511540997,3.550144013,3.537547351,0.988607934,1.017200662,1.024830066,-1.087924954,-1.773934981,-1.422832485,-0.09931702,-0.756734319,-0.398002419
40,4,8,56,Wyoming,563626,563626,564222,567329,576626,582658,596,3107,9297,6032,1859,7472,7419,7549,1285,4429,4288,4409,574,3043,3131,3140,114,241,434,325,-119,-284,5601,2616,-5,-43,6035,2941,27,107,131,-49,13.20665176,12.97078994,13.02355592,7.828193338,7.496798388,7.606419135,5.378458417,5.473991547,5.417136784,0.425964009,0.758771106,0.560690909,-0.501965886,9.79234323,4.513130519,-0.076001877,10.55111434,5.073821428
40,X,X,72,Puerto Rico Commonwealth,3725789,3725789,3721208,3686580,3651545,3615086,-4581,-34628,-35035,-36459,9604,41203,40277,38846,7088,30067,29548,29541,2516,11136,10729,9305,-7097,-45764,-45764,-45764,0,0,0,0,-7097,-45764,-45764,-45764,0,0,0,0,11.12423844,10.97746359,10.69161211,8.117672914,8.053283366,8.130590366,3.006565523,2.924180223,2.561021744,-12.35564517,-12.47294098,-12.59565815,0,0,0,-12.35564517,-12.47294098,-12.59565815
